lead,episode_gap,nonepisode_gap,difference
t,0.020336813624329337,0.011478128647822928,0.008858684976506409
t-1,-0.01931659010974063,0.016898228447549415,-0.03621481855729004
t-2,-0.06726520131317903,0.022403632614077608,-0.08966883392725664
t-3,-0.1129312040870621,0.02766387839294484,-0.14059508248000693
