lag,oof_r2,n
1,0.006104373830921883,13030
2,0.014151365620555634,12852
3,0.021949113863616976,12674
4,0.028159683293349502,12496
5,0.03461176285426959,12318
